<?xml version="1.0" encoding="UTF-8"?>
<project-private xmlns="http://www.netbeans.org/ns/project-private/1">
    <editor-bookmarks xmlns="http://www.netbeans.org/ns/editor-bookmarks/2" lastBookmarkId="0"/>
    <open-files xmlns="http://www.netbeans.org/ns/projectui-open-files/2">
        <group>
            <file>file:/C:/Users/RIA%20KUSMARA/Documents/NetBeansProjects/Moencak/src/Model/pendakian.java</file>
            <file>file:/C:/Users/RIA%20KUSMARA/Documents/NetBeansProjects/Moencak/src/View/dataPendaki.java</file>
            <file>file:/C:/Users/RIA%20KUSMARA/Documents/NetBeansProjects/Moencak/src/Model/dataPendaki.java</file>
            <file>file:/C:/Users/RIA%20KUSMARA/Documents/NetBeansProjects/Moencak/src/View/profil.java</file>
            <file>file:/C:/Users/RIA%20KUSMARA/Documents/NetBeansProjects/Moencak/src/View/jadwalPendakian.java</file>
        </group>
    </open-files>
</project-private>
